Id,River,Type,Discharge,Length,Width,Basin
78,Himkalondor,River,3637 m³/s,207 km,3.36 km,Himkalondor
1592,Skalzeshje,River,2422 m³/s,28 km,2.8 km,Skalzeshje
1804,Estovika,River,2004 m³/s,36 km,2.54 km,Estovika
2372,Vyltoch,River,1958 m³/s,38 km,2.46 km,Vyltoch
1965,Ponia,River,1939 m³/s,62 km,2.51 km,Ponia
145,Inderion,River,1927 m³/s,164 km,2.75 km,Inderion
1421,Thena,River,1915 m³/s,54 km,2.43 km,Thena
1419,Ethrashanek,Fork,1865 m³/s,61 km,1.7 km,Skalzeshje
177,Volaramrol,River,1696 m³/s,106 km,2.16 km,Volaramrol
54,Cliford,River,1498 m³/s,113 km,1.9 km,Cliford
1961,Phamon,River,1433 m³/s,86 km,1.69 km,Phamon
1619,Ylathlasle,River,1404 m³/s,33 km,1.53 km,Ylathlasle
386,Onaranthan,River,1393 m³/s,108 km,1.67 km,Onaranthan
486,Marlceston,River,1260 m³/s,107 km,1.45 km,Marlceston
1266,Methoscu,River,1242 m³/s,63 km,1.36 km,Methoscu
21,Acharcyreia,River,1214 m³/s,152 km,1.49 km,Acharcyreia
188,Treliswest,River,1139 m³/s,143 km,1.36 km,Treliswest
48,Baltash,River,1105 m³/s,115 km,1.25 km,Baltash
481,Kostin,River,1100 m³/s,85 km,0.85 km,Vyltoch
1149,Liriathil,River,1066 m³/s,46 km,1.09 km,Liriathil
1457,Skipseagel,River,977 m³/s,40 km,0.95 km,Skipseagel
67,Cornia,River,946 m³/s,183 km,1.18 km,Cornia
1801,Barstad,Creek,893 m³/s,20 km,0.59 km,Estovika
143,Kenorden,River,866 m³/s,102 km,0.65 km,Skalzeshje
457,Aireth,River,856 m³/s,90 km,0.87 km,Aireth
630,Knaliston,River,847 m³/s,67 km,0.82 km,Knaliston
1047,Whithegover,River,838 m³/s,116 km,0.88 km,Whithegover
70,Cleobume,River,820 m³/s,162 km,0.95 km,Cleobume
1042,Nyrang,River,794 m³/s,85 km,0.8 km,Nyrang
77,Monorling,River,786 m³/s,50 km,0.73 km,Monorling
389,Lamelle,River,784 m³/s,70 km,0.76 km,Lamelle
10,Thillorthyr,River,765 m³/s,24 km,0.67 km,Thillorthyr
784,Vigrantigran,River,723 m³/s,61 km,0.68 km,Vigrantigran
1282,Givreres,River,722 m³/s,103 km,0.75 km,Givreres
1161,Khathizruc,River,720 m³/s,79 km,0.7 km,Khathizruc
315,E'asethyr,River,715 m³/s,71 km,0.68 km,E'asethyr
118,Eldhel,River,659 m³/s,60 km,0.6 km,Eldhel
788,Solle,River,654 m³/s,46 km,0.58 km,Solle
1146,Oinay,River,649 m³/s,100 km,0.66 km,Oinay
390,Neireth,River,642 m³/s,93 km,0.63 km,Neireth
722,Malington,River,638 m³/s,56 km,0.57 km,Malington
1160,Bocea,River,629 m³/s,60 km,0.57 km,Bocea
134,Seltesedil,River,619 m³/s,132 km,0.47 km,Inderion
97,Clitneston,River,618 m³/s,109 km,0.63 km,Clitneston
1557,Amersinzan,River,590 m³/s,16 km,0.41 km,Amersinzan
297,Padshead,River,585 m³/s,65 km,0.52 km,Padshead
4,Sranluma,River,579 m³/s,47 km,0.5 km,Sranluma
959,Argan,River,573 m³/s,45 km,0.49 km,Argan
848,Sellalon,River,568 m³/s,82 km,0.54 km,Sellalon
142,Watford,River,567 m³/s,74 km,0.53 km,Watford
781,Pinolistos,River,542 m³/s,102 km,0.55 km,Pinolistos
82,Mithlond,River,526 m³/s,87 km,0.35 km,Onaranthan
58,Donia,River,523 m³/s,70 km,0.47 km,Donia
258,Solheige,Fork,517 m³/s,91 km,0.35 km,Estovika
7,Thapsa,Creek,502 m³/s,18 km,0.33 km,Thapsa
244,Tindaltash,River,499 m³/s,76 km,0.45 km,Tindaltash
719,Searen,River,485 m³/s,115 km,0.51 km,Searen
1141,Cytha,River,485 m³/s,103 km,0.48 km,Cytha
1445,Chabe,River,482 m³/s,36 km,0.39 km,Chabe
452,Yseriar,River,472 m³/s,62 km,0.41 km,Yseriar
26,Aegicos,River,469 m³/s,101 km,0.46 km,Aegicos
1267,Mizir,River,451 m³/s,59 km,0.4 km,Mizir
515,Filsana,River,449 m³/s,35 km,0.26 km,Ponia
1311,Pekionticar,Fork,447 m³/s,41 km,0.26 km,Ponia
1424,Trivet,River,444 m³/s,73 km,0.41 km,Trivet
305,Newcestab,River,436 m³/s,63 km,0.27 km,Marlceston
1274,Netelond,River,436 m³/s,38 km,0.36 km,Netelond
1150,Montbolirolle,River,433 m³/s,81 km,0.4 km,Montbolirolle
12,Phais,Lava,430 m³/s,72 km,0.38 km,Phais
634,Chistonley,River,430 m³/s,59 km,0.37 km,Chistonley
499,Padswest,River,428 m³/s,48 km,0.35 km,Padswest
333,Nympsos,River,424 m³/s,71 km,0.38 km,Nympsos
343,Detara,River,419 m³/s,27 km,0.33 km,Detara
1637,Hielenara,River,419 m³/s,52 km,0.35 km,Hielenara
388,Blandbury,River,418 m³/s,75 km,0.39 km,Blandbury
1434,Milton,River,418 m³/s,43 km,0.34 km,Milton
3,Lefka,River,409 m³/s,82 km,0.37 km,Lefka
590,Elethrion,River,408 m³/s,49 km,0.34 km,Elethrion
57,Skipingham,River,401 m³/s,156 km,0.45 km,Skipingham
708,Lylathmelelt,River,400 m³/s,43 km,0.32 km,Lylathmelelt
528,Sulkun,River,397 m³/s,30 km,0.31 km,Sulkun
1625,Tauronia,River,390 m³/s,34 km,0.31 km,Tauronia
85,Dulnarg,River,388 m³/s,52 km,0.32 km,Dulnarg
859,Bribellezie,River,387 m³/s,36 km,0.31 km,Bribellezie
190,Gortepinoi,River,382 m³/s,63 km,0.34 km,Gortepinoi
594,Gonlugaust,River,382 m³/s,33 km,0.3 km,Gonlugaust
409,Bosford,River,376 m³/s,46 km,0.31 km,Bosford
858,Vienteaucourt,River,374 m³/s,39 km,0.3 km,Vienteaucourt
150,Grigere,River,372 m³/s,63 km,0.32 km,Grigere
721,Giverin,River,368 m³/s,55 km,0.31 km,Giverin
19,Lyl-Did,River,366 m³/s,84 km,0.34 km,Lyl-Did
189,Bolworth,River,365 m³/s,64 km,0.32 km,Bolworth
773,Myostias,River,363 m³/s,30 km,0.29 km,Myostias
245,Himnas,River,357 m³/s,60 km,0.31 km,Himnas
151,Hierirossa,River,356 m³/s,44 km,0.29 km,Hierirossa
170,Ulaltanor,River,353 m³/s,91 km,0.24 km,Ponia
243,Nealegairos,River,353 m³/s,59 km,0.29 km,Nealegairos
614,Ponrith,River,350 m³/s,34 km,0.2 km,Skipseagel
1152,Briarleanssas,River,348 m³/s,41 km,0.29 km,Briarleanssas
1504,Naubealaxos,River,344 m³/s,28 km,0.27 km,Naubealaxos
224,Alondemyhe,River,342 m³/s,84 km,0.24 km,Methoscu
96,Bormahlid,River,341 m³/s,44 km,0.28 km,Bormahlid
2379,Poillecoq,River,339 m³/s,26 km,0.26 km,Poillecoq
71,Whitbury,River,338 m³/s,88 km,0.32 km,Whitbury
1418,Monley,River,338 m³/s,29 km,0.19 km,Skalzeshje
18,Aktos,River,332 m³/s,105 km,1 km,Aktos
1800,Malethirol,River,330 m³/s,28 km,0.25 km,Malethirol
1802,Brershund,River,329 m³/s,42 km,0.27 km,Brershund
73,Cornia,River,327 m³/s,65 km,0.21 km,Thena
1811,Peraiessa,River,325 m³/s,53 km,0.27 km,Peraiessa
114,Mythlenille,River,320 m³/s,82 km,0.3 km,Mythlenille
1455,Givre,River,318 m³/s,47 km,0.26 km,Givre
254,Henos,River,317 m³/s,54 km,0.19 km,Thena
298,Smyrgypepi,River,314 m³/s,60 km,0.27 km,Smyrgypepi
1482,Evrala,River,314 m³/s,28 km,0.24 km,Evrala
1268,Skylicarta,Creek,313 m³/s,15 km,0.11 km,Methoscu
1301,Bonvilleneury,River,313 m³/s,41 km,0.25 km,Bonvilleneury
1430,Clitforden,River,310 m³/s,64 km,0.27 km,Clitforden
63,Lenduos,River,309 m³/s,43 km,0.25 km,Lenduos
1978,Aileaionti,River,307 m³/s,25 km,0.18 km,Aileaionti
1982,Briatay,River,306 m³/s,32 km,0.24 km,Briatay
335,Portshead,River,302 m³/s,40 km,0.24 km,Portshead
617,Penley,River,302 m³/s,33 km,0.24 km,Penley
152,Porystroti,River,301 m³/s,39 km,0.24 km,Porystroti
311,Reatescom,River,301 m³/s,45 km,0.24 km,Reatescom
183,Jamliemelle,River,298 m³/s,28 km,0.23 km,Jamliemelle
525,Khundukk,River,297 m³/s,30 km,0.23 km,Khundukk
1128,Obethlinlulu,Fork,296 m³/s,32 km,0.17 km,Himkalondor
111,Alarynthe,River,294 m³/s,71 km,0.26 km,Alarynthe
1452,Courrietevil,River,291 m³/s,60 km,0.25 km,Courrietevil
2,Tasos,Brook,290 m³/s,19 km,0.17 km,Tasos
509,Myorion,River,289 m³/s,40 km,0.23 km,Myorion
160,Brampton,River,287 m³/s,31 km,0.16 km,Monorling
1994,Bostedge,Creek,287 m³/s,10 km,0.11 km,Bostedge
1272,Brerelly,River,284 m³/s,40 km,0.23 km,Brerelly
2375,Vrigny,River,283 m³/s,28 km,0.22 km,Vrigny
332,Brurymock,River,280 m³/s,46 km,0.23 km,Brurymock
1144,Hlymana,River,280 m³/s,26 km,0.22 km,Hlymana
1158,Cythegai,River,280 m³/s,30 km,0.22 km,Cythegai
75,Kilkham,River,279 m³/s,64 km,0.25 km,Kilkham
2368,Barabiraza,River,275 m³/s,21 km,0.16 km,Barabiraza
961,Ryanasadimy,River,274 m³/s,25 km,0.16 km,Ryanasadimy
16,Paxos,River,271 m³/s,79 km,0.25 km,Paxos
862,Balerege,River,269 m³/s,23 km,0.15 km,Volaramrol
2402,Thusai,River,268 m³/s,17 km,0.16 km,Thusai
61,Undhelierion,River,266 m³/s,55 km,0.22 km,Undhelierion
727,Brersharb,River,266 m³/s,41 km,0.16 km,Vyltoch
178,Shelulal,River,264 m³/s,23 km,0.2 km,Shelulal
408,Knutscom,Fork,262 m³/s,43 km,0.15 km,Skipseagel
59,Enebelossos,River,260 m³/s,54 km,0.22 km,Enebelossos
251,Petoney,River,260 m³/s,78 km,0.25 km,Petoney
506,Craftbury,River,259 m³/s,27 km,0.2 km,Craftbury
1621,Amplios,River,257 m³/s,29 km,0.14 km,Phamon
378,Jalmalin,River,256 m³/s,27 km,0.2 km,Jalmalin
235,Reykka,River,255 m³/s,33 km,0.2 km,Reykka
480,Dodbrid,Fork,254 m³/s,51 km,0.16 km,Treliswest
268,Ranmoth,River,253 m³/s,55 km,0.22 km,Ranmoth
496,Nerera,River,246 m³/s,51 km,0.15 km,Vyltoch
1,Yerase,River,239 m³/s,101 km,0.25 km,Yerase
195,Cockington,River,239 m³/s,69 km,0.22 km,Cockington
296,Laupstad,River,239 m³/s,38 km,0.14 km,Estovika
2170,Venvilleaucy,River,236 m³/s,33 km,0.19 km,Venvilleaucy
1630,Grancy,River,235 m³/s,36 km,0.19 km,Grancy
710,Retretown,River,233 m³/s,29 km,0.18 km,Retretown
1052,Braston,River,232 m³/s,62 km,0.21 km,Braston
1448,Louthleach,Creek,232 m³/s,8 km,0.08 km,Louthleach
22,Burbymock,River,231 m³/s,61 km,0.15 km,Padshead
8,Dipathos,River,229 m³/s,120 km,0.27 km,Dipathos
494,Afrantheas,River,229 m³/s,25 km,0.13 km,Onaranthan
1483,Arnas,River,229 m³/s,22 km,0.13 km,Arnas
146,Lieri,River,227 m³/s,69 km,0.22 km,Lieri
397,Karionlurth,River,225 m³/s,33 km,0.13 km,E'asethyr
165,Kharb,River,224 m³/s,21 km,0.13 km,Kharb
723,Skipton,River,224 m³/s,30 km,0.18 km,Skipton
624,Shenil,River,223 m³/s,39 km,0.19 km,Shenil
857,Duzigeruge,River,223 m³/s,37 km,0.18 km,Duzigeruge
2188,Gondeleltha,River,223 m³/s,16 km,0.09 km,Gondeleltha
86,Kostoch,River,222 m³/s,35 km,0.18 km,Kostoch
116,Grambelis,River,222 m³/s,81 km,0.22 km,Grambelis
507,Ilaurtheas,River,222 m³/s,26 km,0.17 km,Ilaurtheas
621,Trokurna,Fork,222 m³/s,52 km,0.14 km,Estovika
576,Efranthe,Fork,219 m³/s,32 km,0.12 km,Himkalondor
20,Lenneskar,River,217 m³/s,37 km,0.18 km,Lenneskar
127,Batalnarg,River,217 m³/s,33 km,0.17 km,Batalnarg
1817,Ephinonion,Creek,217 m³/s,19 km,0.12 km,Ephinonion
431,Stigbeorn,Creek,216 m³/s,21 km,0.12 km,Stigbeorn
1055,Tarden,River,216 m³/s,24 km,0.17 km,Tarden
25,Kyuetheasmel,River,215 m³/s,41 km,0.18 km,Kyuetheasmel
1502,Thvetherion,Stream,215 m³/s,11 km,0.08 km,Thvetherion
101,Mishundzir,River,214 m³/s,48 km,0.13 km,Vyltoch
417,Newbigton,Fork,211 m³/s,44 km,0.13 km,Skalzeshje
641,Opomeleanag,River,211 m³/s,33 km,0.17 km,Opomeleanag
95,Tlind Idor,River,210 m³/s,52 km,0.13 km,Onaranthan
289,Hinbelvesi,Creek,210 m³/s,16 km,0.12 km,Hinbelvesi
44,Path'hez,River,208 m³/s,167 km,0.21 km,Skalzeshje
1045,Shatholukk,River,208 m³/s,47 km,0.18 km,Shatholukk
703,Chiple,River,207 m³/s,31 km,0.12 km,Baltash
1844,Elnargzund,Creek,207 m³/s,13 km,0.12 km,Elnargzund
250,Akhaletos,River,206 m³/s,62 km,0.19 km,Akhaletos
1646,Yinyle,Creek,206 m³/s,16 km,0.12 km,Yinyle
864,Opolis,River,205 m³/s,36 km,0.17 km,Opolis
1436,Farionnorran,River,205 m³/s,20 km,0.12 km,Farionnorran
173,Velrandona,Stream,204 m³/s,17 km,0.16 km,Velrandona
520,Sorough,River,204 m³/s,27 km,0.16 km,Sorough
403,Knutstole,River,203 m³/s,43 km,0.17 km,Knutstole
1638,Hather,Brook,203 m³/s,20 km,0.12 km,Hather
956,Clesarvoy,River,202 m³/s,40 km,0.12 km,Vigrantigran
14,Gadab,River,200 m³/s,35 km,0.17 km,Gadab
159,Malcestow,River,200 m³/s,26 km,0.16 km,Malcestow
487,Bopos,River,200 m³/s,52 km,0.18 km,Bopos
531,Pickerby,River,199 m³/s,41 km,0.17 km,Pickerby
329,Austing,River,198 m³/s,55 km,0.18 km,Austing
17,Knutsterham,River,197 m³/s,67 km,0.13 km,Skalzeshje
518,Bramping,River,197 m³/s,22 km,0.16 km,Bramping
308,Rearesham,River,195 m³/s,55 km,0.17 km,Rearesham
537,Kigez,River,195 m³/s,31 km,0.16 km,Kigez
969,Pandolis,River,195 m³/s,57 km,0.18 km,Pandolis
1157,Golcis,River,195 m³/s,31 km,0.16 km,Golcis
1305,Cleowen,River,195 m³/s,25 km,0.11 km,Cleowen
2401,Psychrera,Brook,195 m³/s,14 km,0.11 km,Psychrera
238,Sherstedge,River,194 m³/s,27 km,0.16 km,Sherstedge
326,Winkhampsea,River,194 m³/s,38 km,0.16 km,Winkhampsea
1968,Egnessoy,River,192 m³/s,36 km,0.16 km,Egnessoy
124,Oceamis,River,191 m³/s,38 km,0.16 km,Oceamis
303,Hinckburgh,Fork,191 m³/s,49 km,0.12 km,Acharcyreia
578,Lymamellana,River,191 m³/s,21 km,0.11 km,Lymamellana
973,Laion,River,191 m³/s,24 km,0.08 km,Phamon
1610,Ryuetharen,River,190 m³/s,15 km,0.05 km,Ylathlasle
647,Hinckwarne,River,188 m³/s,19 km,0.11 km,Hinckwarne
861,Dodbrowey,River,187 m³/s,33 km,0.15 km,Dodbrowey
1526,Cambrid,River,187 m³/s,23 km,0.11 km,Cliford
172,Drandesthe,River,186 m³/s,45 km,0.16 km,Drandesthe
618,Tithos,Creek,185 m³/s,19 km,0.11 km,Tithos
662,Eshtheas,Creek,185 m³/s,17 km,0.07 km,Eshtheas
286,Umeridorlon,River,184 m³/s,41 km,0.11 km,Nyrang
637,Ishlesete,River,184 m³/s,28 km,0.15 km,Ishlesete
416,Prestedbury,River,183 m³/s,26 km,0.15 km,Prestedbury
600,Velond,River,183 m³/s,23 km,0.11 km,Velond
467,Anariusrion,Stream,182 m³/s,18 km,0.1 km,Anariusrion
1051,Tyrolis,River,182 m³/s,27 km,0.15 km,Tyrolis
2186,Barakkek,River,182 m³/s,24 km,0.1 km,Barakkek
977,Myrchia,River,181 m³/s,17 km,0.15 km,Myrchia
1642,Escreterainne,Brook,181 m³/s,19 km,0.1 km,Escreterainne
2380,Chisdon,Brook,181 m³/s,15 km,0.1 km,Chisdon
433,Poilly,Creek,180 m³/s,14 km,0.1 km,Poilly
1053,Aiespon,River,180 m³/s,38 km,0.15 km,Aiespon
2391,Donia,Brook,180 m³/s,20 km,0.1 km,Donia
3182,Theorylali,Creek,180 m³/s,11 km,0.07 km,Theorylali
197,Mitham,River,179 m³/s,21 km,0.07 km,Monorling
271,Rizendus,River,178 m³/s,30 km,0.15 km,Rizendus
316,Boster,River,178 m³/s,43 km,0.15 km,Boster
640,Midford,River,178 m³/s,28 km,0.14 km,Midford
1304,Argamontidy,River,177 m³/s,34 km,0.15 km,Argamontidy
1641,Dofenenor,Creek,177 m³/s,20 km,0.1 km,Dofenenor
162,Coclesdon,River,175 m³/s,30 km,0.14 km,Coclesdon
1294,Griseauluzo,River,175 m³/s,24 km,0.1 km,Griseauluzo
522,Undra,Creek,173 m³/s,18 km,0.1 km,Undra
66,Seltanalolon,Fork,172 m³/s,58 km,0.12 km,Eldhel
803,Kinarkunbu,River,172 m³/s,24 km,0.14 km,Kinarkunbu
1808,Aunesarge,River,172 m³/s,36 km,0.14 km,Aunesarge
1998,Mouxy,River,172 m³/s,16 km,0.1 km,Mouxy
46,Haltash,River,171 m³/s,50 km,0.11 km,Amersinzan
482,Gourmeleu,River,171 m³/s,54 km,0.16 km,Gourmeleu
1432,Myrtyn,River,171 m³/s,39 km,0.15 km,Myrtyn
1805,Noskirk,River,171 m³/s,34 km,0.11 km,Whithegover
2023,Itherapo,Creek,171 m³/s,12 km,0.06 km,Itherapo
125,Gravdalvik,River,170 m³/s,41 km,0.11 km,Estovika
1061,Dunstable,River,170 m³/s,23 km,0.07 km,Padswest
2022,Margis,Brook,170 m³/s,18 km,0.1 km,Margis
1470,Elekus,River,169 m³/s,30 km,0.14 km,Elekus
1478,Gagkanbu,River,169 m³/s,21 km,0.1 km,Gagkanbu
2197,Sandilleres,River,168 m³/s,23 km,0.1 km,Sandilleres
117,Imbros,Fork,167 m³/s,36 km,0.1 km,Cytha
199,Prestad,River,167 m³/s,47 km,0.15 km,Prestad
800,Harton,River,167 m³/s,27 km,0.14 km,Harton
1167,Serire,River,167 m³/s,32 km,0.14 km,Serire
1845,Glumrol,Stream,167 m³/s,19 km,0.1 km,Glumrol
1060,Cointeres,River,166 m³/s,29 km,0.14 km,Cointeres
1505,Idgorgun,Brook,166 m³/s,12 km,0.06 km,Idgorgun
2898,Memvatrek,River,166 m³/s,15 km,0.1 km,Memvatrek
461,Orgond,River,165 m³/s,42 km,0.1 km,Ylathlasle
1145,Dolumerilel,Creek,165 m³/s,19 km,0.14 km,Dolumerilel
2243,Pelion,Brook,165 m³/s,18 km,0.14 km,Pelion
155,Atford,Creek,164 m³/s,5 km,0.05 km,Atford
157,Ponia,River,164 m³/s,32 km,0.14 km,Ponia
980,Braston,River,164 m³/s,25 km,0.14 km,Braston
1154,Onialera,River,164 m³/s,43 km,0.14 km,Onialera
1297,Boldon,Creek,164 m³/s,9 km,0.05 km,Boldon
2611,Chamilles,Creek,164 m³/s,20 km,0.09 km,Chamilles
818,Wlalon,Stream,163 m³/s,19 km,0.09 km,Wlalon
2617,Sespian,Brook,163 m³/s,9 km,0.06 km,Sespian
81,Skipseazion,Fork,162 m³/s,27 km,0.07 km,Watford
353,Rurneltoch,Creek,162 m³/s,21 km,0.09 km,Rurneltoch
595,Ikasthesia,River,162 m³/s,32 km,0.13 km,Ikasthesia
778,Orafethalon,River,162 m³/s,29 km,0.13 km,Orafethalon
252,Berbury,River,161 m³/s,45 km,0.15 km,Berbury
309,Wassad,Fork,161 m³/s,26 km,0.07 km,Himkalondor
1046,Lyhofelamel,River,161 m³/s,33 km,0.13 km,Lyhofelamel
1285,Ville,River,161 m³/s,32 km,0.14 km,Ville
1616,Rurki,Brook,161 m³/s,20 km,0.09 km,Rurki
414,Iltelion,Fork,160 m³/s,36 km,0.1 km,Ylathlasle
434,Tozulukk,River,160 m³/s,24 km,0.13 km,Tozulukk
1288,Yeeliesa,River,159 m³/s,24 km,0.13 km,Yeeliesa
1443,Lepieds,River,159 m³/s,30 km,0.13 km,Lepieds
38,Thusaiponia,River,158 m³/s,53 km,0.11 km,Hierirossa
237,Henemar,Fork,158 m³/s,54 km,0.11 km,Inderion
256,Dretheireth,River,158 m³/s,50 km,0.15 km,Dretheireth
783,Nalindeesa,Fork,158 m³/s,27 km,0.09 km,Himkalondor
882,Hafjordur,Creek,158 m³/s,16 km,0.09 km,Hafjordur
1299,Jarmaieille,River,158 m³/s,26 km,0.13 km,Jarmaieille
2172,Sadhelmfa,Creek,158 m³/s,19 km,0.09 km,Sadhelmfa
2369,Kagucia,Creek,158 m³/s,14 km,0.09 km,Kagucia
2893,Villes,Creek,158 m³/s,14 km,0.06 km,Villes
772,Wickburghin,River,157 m³/s,18 km,0.07 km,Marlceston
1164,Pysos,River,157 m³/s,27 km,0.13 km,Pysos
510,Aklelos,River,156 m³/s,26 km,0.13 km,Aklelos
1966,Mandospon,River,156 m³/s,39 km,0.14 km,Mandospon
202,Braumennes,River,155 m³/s,28 km,0.13 km,Braumennes
270,Maliston,Creek,155 m³/s,10 km,0.05 km,Maliston
1442,Hornmouth,River,155 m³/s,38 km,0.13 km,Hornmouth
1471,Beorbar,Creek,155 m³/s,10 km,0.06 km,Beorbar
1986,Vyldunghe,River,155 m³/s,30 km,0.13 km,Vyldunghe
2610,Vrignessieou,River,155 m³/s,21 km,0.09 km,Vrignessieou
92,Nylmnes,River,154 m³/s,63 km,0.11 km,Onaranthan
530,Eldreth,Creek,154 m³/s,18 km,0.09 km,Eldreth
789,Artalos,River,154 m³/s,28 km,0.13 km,Artalos
1182,Kharbrand,Brook,154 m³/s,14 km,0.06 km,Kharbrand
1481,Sshannor,Creek,153 m³/s,12 km,0.06 km,Sshannor
2196,Malton,River,153 m³/s,13 km,0.06 km,Malton
322,Penkwarton,River,152 m³/s,34 km,0.13 km,Penkwarton
1614,Sadon,River,152 m³/s,24 km,0.13 km,Sadon
1191,Mathanlean,Creek,151 m³/s,12 km,0.05 km,Mathanlean
442,Sinontioch,Brook,150 m³/s,15 km,0.09 km,Sinontioch
2010,Perster,River,150 m³/s,16 km,0.09 km,Perster
2171,Frampton,River,150 m³/s,29 km,0.13 km,Frampton
260,Epodotina,River,149 m³/s,39 km,0.13 km,Epodotina
1174,Byblamaina,River,149 m³/s,21 km,0.09 km,Byblamaina
1453,Fenwiching,River,149 m³/s,26 km,0.13 km,Fenwiching
1468,Tlaumelonan,Brook,149 m³/s,12 km,0.05 km,Tlaumelonan
2195,Kiruruguk,Creek,149 m³/s,18 km,0.09 km,Kiruruguk
2640,Lefka,Creek,149 m³/s,12 km,0.05 km,Lefka
55,Lyllelena,River,148 m³/s,32 km,0.09 km,Eldhel
204,Samea,River,148 m³/s,23 km,0.12 km,Samea
392,Ryrandest,River,148 m³/s,23 km,0.06 km,Neireth
413,Frampton,River,148 m³/s,31 km,0.13 km,Frampton
504,Congdon,River,148 m³/s,28 km,0.13 km,Congdon
628,Shazadab,River,148 m³/s,43 km,0.13 km,Shazadab
1645,Sparnenia,River,148 m³/s,33 km,0.13 km,Sparnenia
801,Rethyr,River,147 m³/s,27 km,0.12 km,Rethyr
860,Hesvikjar,River,147 m³/s,30 km,0.12 km,Hesvikjar
1156,Sinalia,River,147 m³/s,31 km,0.12 km,Sinalia
1173,Iolgidea,Stream,147 m³/s,19 km,0.09 km,Iolgidea
965,Drard,River,146 m³/s,10 km,0.05 km,Drard
1500,Onchemamai,Creek,146 m³/s,8 km,0.05 km,Onchemamai
106,Hafjor,River,145 m³/s,30 km,0.12 km,Hafjor
876,Kilkwarne,River,145 m³/s,22 km,0.08 km,Kilkwarne
36,Cleorough,Fork,144 m³/s,73 km,0.11 km,Whitbury
52,Thatclif,River,144 m³/s,34 km,0.12 km,Thatclif
175,Oraneas,River,144 m³/s,41 km,0.09 km,Sellalon
181,Nanilsya,River,144 m³/s,18 km,0.08 km,Nanilsya
328,Lympsham,River,144 m³/s,30 km,0.09 km,Marlceston
2168,Causkirk,River,143 m³/s,38 km,0.13 km,Causkirk
2175,Tetleter,Fork,143 m³/s,23 km,0.09 km,Searen
2418,Troliros,Creek,143 m³/s,13 km,0.05 km,Troliros
234,Hatford,Creek,142 m³/s,10 km,0.04 km,Hatford
337,Menesebellu,River,142 m³/s,24 km,0.09 km,Ylathlasle
215,Drethesha,River,141 m³/s,23 km,0.12 km,Drethesha
404,Ullortheas,River,141 m³/s,35 km,0.09 km,Aireth
987,Broliver,Creek,141 m³/s,21 km,0.12 km,Broliver
1184,Heceta,River,141 m³/s,25 km,0.12 km,Heceta
1653,Hlyuegheine,Creek,141 m³/s,11 km,0.05 km,Hlyuegheine
2015,Nisaxos,Creek,141 m³/s,14 km,0.08 km,Nisaxos
60,Troyros,Fork,140 m³/s,50 km,0.1 km,Thena
288,Eserin,Brook,140 m³/s,16 km,0.08 km,Eserin
415,Coclifract,River,140 m³/s,30 km,0.12 km,Coclifract
654,Kimpia,River,140 m³/s,19 km,0.08 km,Kimpia
737,Gardabygd,River,140 m³/s,30 km,0.09 km,Estovika
1050,Chiptonce,River,140 m³/s,14 km,0.04 km,Chiptonce
1316,Miled,Stream,140 m³/s,20 km,0.08 km,Miled
1435,Argaliamia,River,140 m³/s,26 km,0.12 km,Argaliamia
1620,Earithlelelt,Creek,140 m³/s,12 km,0.05 km,Earithlelelt
1658,Naupodes,Creek,140 m³/s,11 km,0.05 km,Naupodes
6,Mal'a,River,139 m³/s,38 km,0.13 km,Mal'a
432,Drard,Brook,139 m³/s,14 km,0.08 km,Drard
538,Atfordge,River,139 m³/s,24 km,0.08 km,Atfordge
2216,Doucheblain,Creek,139 m³/s,19 km,0.08 km,Doucheblain
1995,Staple,River,138 m³/s,21 km,0.08 km,Staple
2378,Atheia,River,138 m³/s,23 km,0.08 km,Atheia
334,Chawbigham,River,137 m³/s,35 km,0.09 km,Skipseagel
348,Tintagel,River,137 m³/s,25 km,0.08 km,Tintagel
411,Phoponia,River,137 m³/s,33 km,0.12 km,Phoponia
1612,Ar'th'har,Creek,137 m³/s,13 km,0.03 km,Skalzeshje
1425,Nauciaion,River,136 m³/s,34 km,0.12 km,Nauciaion
2181,Oakhampound,River,136 m³/s,26 km,0.12 km,Oakhampound
2374,Courvilly,River,136 m³/s,26 km,0.12 km,Courvilly
121,Dunsbury,River,135 m³/s,36 km,0.09 km,Amersinzan
205,Tinofe,River,135 m³/s,26 km,0.12 km,Tinofe
274,Sigrim,River,135 m³/s,31 km,0.12 km,Sigrim
105,Sogurfi,River,134 m³/s,31 km,0.12 km,Sogurfi
163,Hloilaurth,Creek,134 m³/s,20 km,0.08 km,Hloilaurth
262,Mathentheas,River,134 m³/s,38 km,0.13 km,Mathentheas
1059,Waring,Creek,134 m³/s,19 km,0.08 km,Waring
2398,Dinia,Brook,134 m³/s,12 km,0.05 km,Dinia
1831,Orabi,River,133 m³/s,11 km,0.05 km,Orabi
32,Srath'jer,River,132 m³/s,15 km,0.05 km,Srath'jer
49,Shenonafet,River,132 m³/s,47 km,0.09 km,Inderion
2637,Sulfoddund,Brook,132 m³/s,9 km,0.05 km,Sulfoddund
552,Rogenduos,Creek,131 m³/s,17 km,0.08 km,Rogenduos
1315,Zamia,Brook,131 m³/s,14 km,0.05 km,Zamia
103,Illalytenor,River,130 m³/s,30 km,0.11 km,Illalytenor
513,Selsya,River,130 m³/s,30 km,0.11 km,Selsya
668,Ugukkek,Creek,130 m³/s,19 km,0.08 km,Ugukkek
1846,Atenepoy,Creek,130 m³/s,12 km,0.05 km,Atenepoy
429,Guzimorkoc,Creek,129 m³/s,20 km,0.08 km,Guzimorkoc
867,Hatley,Fork,129 m³/s,27 km,0.08 km,Baltash
1693,Asingster,River,129 m³/s,16 km,0.08 km,Asingster
45,Theniaion,River,128 m³/s,36 km,0.12 km,Theniaion
330,Gluth,Branch,128 m³/s,13 km,0.03 km,Volaramrol
646,Bybros,Brook,128 m³/s,19 km,0.05 km,Argan
883,Newces,River,128 m³/s,22 km,0.08 km,Newces
944,Oakham,River,128 m³/s,23 km,0.11 km,Oakham
972,Salingmo,Branch,128 m³/s,14 km,0.03 km,Bosford
2376,Wivertonbu,River,128 m³/s,25 km,0.11 km,Wivertonbu
2399,Eshnorlon,Creek,128 m³/s,11 km,0.04 km,Eshnorlon
299,Tysada,River,127 m³/s,22 km,0.05 km,Acharcyreia
653,Villes,River,127 m³/s,21 km,0.08 km,Villes
1296,Daltermouth,Creek,127 m³/s,7 km,0.04 km,Daltermouth
1323,Ararion,Creek,127 m³/s,13 km,0.04 km,Ararion
1639,Zizir,River,127 m³/s,23 km,0.08 km,Zizir
1828,Lefkatea,Creek,127 m³/s,14 km,0.08 km,Lefkatea
2417,Rhamnos,Creek,127 m³/s,18 km,0.08 km,Rhamnos
259,Corma,River,126 m³/s,23 km,0.08 km,Phais
376,Syuethe,River,126 m³/s,21 km,0.05 km,Himkalondor
407,Oluvendonesi,Creek,126 m³/s,19 km,0.05 km,Lamelle
437,Rhydon,Creek,126 m³/s,12 km,0.03 km,Thena
896,Obethei,River,126 m³/s,23 km,0.07 km,Obethei
1068,Veldung,Creek,126 m³/s,13 km,0.04 km,Veldung
2638,Seabington,Brook,126 m³/s,13 km,0.04 km,Seabington
115,Yhoresshe,River,125 m³/s,31 km,0.08 km,Inderion
529,Kourias,Creek,125 m³/s,20 km,0.07 km,Kourias
1176,Clegarcilly,Brook,125 m³/s,15 km,0.04 km,Clegarcilly
1829,Kimnagulai,Creek,125 m³/s,20 km,0.07 km,Kimnagulai
2636,Gagberthug,Stream,125 m³/s,11 km,0.04 km,Gagberthug
356,Kilkwar,River,124 m³/s,21 km,0.07 km,Kilkwar
553,Cyhmenor,River,124 m³/s,15 km,0.04 km,Cyhmenor
796,Bamouxy,River,124 m³/s,22 km,0.05 km,Solle
1509,Herikasthe,River,124 m³/s,9 km,0.04 km,Herikasthe
47,Rraz'haresh,River,123 m³/s,27 km,0.11 km,Rraz'haresh
750,Dulfod,Creek,123 m³/s,9 km,0.04 km,Dulfod
2223,Temnos,Creek,123 m³/s,9 km,0.04 km,Temnos
39,Alfting,Fork,122 m³/s,31 km,0.08 km,Lenduos
851,Milinezdi,River,122 m³/s,42 km,0.08 km,Vyltoch
1429,Aubin,River,122 m³/s,35 km,0.08 km,Chabe
72,Exningdon,Fork,121 m³/s,46 km,0.08 km,Cleobume
319,Cockington,River,121 m³/s,52 km,0.09 km,Cleobume
1058,Burbury,Creek,121 m³/s,21 km,0.07 km,Burbury
1656,Nauphatis,Brook,121 m³/s,13 km,0.04 km,Nauphatis
1823,Presleven,River,121 m³/s,21 km,0.07 km,Presleven
2916,Cleoporion,Stream,121 m³/s,10 km,0.04 km,Cleoporion
3168,Histros,Brook,121 m³/s,12 km,0.04 km,Histros
266,Winksey,River,120 m³/s,36 km,0.11 km,Winksey
361,Lefka,Creek,120 m³/s,14 km,0.04 km,Lefka
742,Rausavo,River,120 m³/s,14 km,0.04 km,Rausavo
2434,Mancesho,Brook,120 m³/s,14 km,0.04 km,Mancesho
2609,Leleuron,Creek,120 m³/s,13 km,0.04 km,Leleuron
650,Cleolis,River,119 m³/s,23 km,0.07 km,Cleolis
795,Bemignelleau,Creek,119 m³/s,18 km,0.07 km,Bemignelleau
1988,Galwedgrim,River,119 m³/s,23 km,0.07 km,Galwedgrim
1993,Tenasariree,Creek,119 m³/s,14 km,0.04 km,Tenasariree
2384,Choux,River,119 m³/s,28 km,0.11 km,Choux
349,Hesmos,River,118 m³/s,23 km,0.07 km,Hesmos
516,Sgandgurth,River,118 m³/s,29 km,0.11 km,Sgandgurth
822,Olsasin,Creek,118 m³/s,9 km,0.04 km,Olsasin
979,Sunvimar,River,118 m³/s,22 km,0.07 km,Sunvimar
1170,Efdoressha,Branch,118 m³/s,12 km,0.03 km,Ryanasadimy
1186,Rothfield,Creek,118 m³/s,17 km,0.07 km,Rothfield
1463,Khizruc,River,117 m³/s,20 km,0.07 km,Khizruc
380,Neltelona,Brook,116 m³/s,12 km,0.04 km,Neltelona
667,Mepoigosthe,Creek,116 m³/s,20 km,0.11 km,Mepoigosthe
1071,Draxningra,River,116 m³/s,12 km,0.04 km,Draxningra
193,Wadeford,River,115 m³/s,44 km,0.11 km,Wadeford
606,Sylnenilha,Stream,115 m³/s,15 km,0.07 km,Sylnenilha
873,Nuzandus,River,115 m³/s,22 km,0.07 km,Nuzandus
1143,Guled,Fork,115 m³/s,24 km,0.08 km,Khathizruc
2019,Linenathe,Brook,115 m³/s,10 km,0.04 km,Linenathe
161,Walseaveham,River,114 m³/s,27 km,0.1 km,Walseaveham
272,Lyteskirk,River,114 m³/s,22 km,0.05 km,Cliford
351,Denuzdus,River,114 m³/s,20 km,0.07 km,Denuzdus
359,Iumasin,Creek,114 m³/s,14 km,0.04 km,Iumasin
799,Brover,Creek,114 m³/s,13 km,0.03 km,Treliswest
1187,Montray,Stream,114 m³/s,16 km,0.07 km,Montray
1633,Newborough,River,114 m³/s,32 km,0.11 km,Newborough
1955,Nannead,River,114 m³/s,24 km,0.05 km,Ponia
40,Itriagi,River,113 m³/s,25 km,0.1 km,Itriagi
68,Lyuethyrno,River,113 m³/s,50 km,0.11 km,Lyuethyrno
2001,Koukenainon,River,113 m³/s,21 km,0.07 km,Koukenainon
2416,Mipathostos,Creek,113 m³/s,13 km,0.04 km,Mipathostos
3167,Pteleos,Brook,113 m³/s,11 km,0.04 km,Pteleos
3175,Narkimor,Brook,113 m³/s,12 km,0.04 km,Narkimor
455,Kyathlond,River,112 m³/s,27 km,0.07 km,Himkalondor
718,Wargham,River,112 m³/s,21 km,0.05 km,Blandbury
976,Wartonton,Creek,112 m³/s,20 km,0.07 km,Wartonton
1838,Chawbolesey,River,112 m³/s,11 km,0.07 km,Chawbolesey
1839,Ginez,Creek,112 m³/s,11 km,0.04 km,Ginez
2651,Meleos,Creek,112 m³/s,12 km,0.04 km,Meleos
255,Northtondon,Fork,111 m³/s,35 km,0.07 km,Treliswest
483,Syllanarion,Branch,111 m³/s,18 km,0.03 km,Lamelle
511,Imblapon,River,111 m³/s,27 km,0.1 km,Imblapon
533,Ariondenerin,River,111 m³/s,21 km,0.07 km,Ariondenerin
554,Epoponion,River,111 m³/s,22 km,0.07 km,Epoponion
1080,Ashlerin,Creek,111 m³/s,8 km,0.04 km,Ashlerin
1850,Lylath,Creek,111 m³/s,11 km,0.04 km,Lylath
3184,Morngord,Stream,111 m³/s,9 km,0.04 km,Morngord
462,Machmenat,Branch,110 m³/s,15 km,0.03 km,Yseriar
746,Felbowey,River,110 m³/s,16 km,0.04 km,Felbowey
1444,Durham,River,110 m³/s,33 km,0.1 km,Durham
2423,Thapia,Creek,110 m³/s,10 km,0.04 km,Thapia
104,Exningley,Brook,109 m³/s,10 km,0.03 km,Exningley
156,Granda,Fork,109 m³/s,31 km,0.08 km,Estovika
626,Leikabygd,River,109 m³/s,47 km,0.08 km,Whithegover
884,Ephibethro,River,109 m³/s,11 km,0.04 km,Ephibethro
983,Witrinch,Creek,109 m³/s,18 km,0.07 km,Witrinch
1177,Marmenossa,River,109 m³/s,19 km,0.07 km,Marmenossa
1306,Villene,River,109 m³/s,13 km,0.04 km,Villene
2213,Silonlon,Creek,109 m³/s,13 km,0.04 km,Silonlon
249,Innead,Fork,108 m³/s,21 km,0.05 km,Himkalondor
597,Thelie,Creek,108 m³/s,11 km,0.04 km,Thelie
658,Helsham,River,108 m³/s,11 km,0.04 km,Helsham
775,Mytheas,River,108 m³/s,36 km,0.08 km,Inderion
1265,Kirlingmoli,Creek,108 m³/s,16 km,0.03 km,Baltash
1460,Durley,Creek,108 m³/s,20 km,0.07 km,Durley
2182,Birbotnes,Creek,108 m³/s,16 km,0.03 km,Chistonley
2413,Pseina,River,108 m³/s,9 km,0.04 km,Pseina
2432,Olonianos,Creek,108 m³/s,8 km,0.04 km,Olonianos
2896,Mishund,Creek,108 m³/s,12 km,0.04 km,Mishund
2902,Jukroitaris,Creek,108 m³/s,9 km,0.04 km,Jukroitaris
3171,Magne,Brook,108 m³/s,10 km,0.04 km,Magne
3198,Kalcis,River,108 m³/s,12 km,0.04 km,Kalcis
207,Keney,River,107 m³/s,26 km,0.1 km,Keney
261,Bretlemale,River,107 m³/s,34 km,0.1 km,Bretlemale
519,Odorysthos,Fork,107 m³/s,33 km,0.07 km,Thena
591,Thedilvelian,Branch,107 m³/s,20 km,0.05 km,Inderion
1627,Atoncewich,River,107 m³/s,30 km,0.1 km,Atoncewich
1670,Mythlumasad,Creek,107 m³/s,12 km,0.04 km,Mythlumasad
2031,Naurontioch,Stream,107 m³/s,12 km,0.03 km,Naurontioch
814,Thvethalian,River,106 m³/s,11 km,0.04 km,Thvethalian
963,Bakerad,River,106 m³/s,25 km,0.1 km,Bakerad
1072,Drard,Creek,106 m³/s,13 km,0.04 km,Drard
1332,Ordisharb,River,106 m³/s,7 km,0.04 km,Ordisharb
1837,Stangay,Creek,106 m³/s,10 km,0.04 km,Stangay
2014,Omalye,Creek,106 m³/s,8 km,0.04 km,Omalye
2906,Chinterkeho,Creek,106 m³/s,8 km,0.04 km,Chinterkeho
3186,Eraclealos,Creek,106 m³/s,9 km,0.04 km,Eraclealos
43,Frampton,River,105 m³/s,27 km,0.07 km,Acharcyreia
952,Drethei,River,105 m³/s,31 km,0.07 km,Aireth
1148,Hindee,River,105 m³/s,22 km,0.05 km,Aireth
2003,Atemaux,Creek,105 m³/s,15 km,0.04 km,Atemaux
2212,Umush,Creek,105 m³/s,10 km,0.04 km,Umush
2217,Dizephidria,Creek,105 m³/s,13 km,0.04 km,Dizephidria
2639,Corgiphidna,Creek,105 m³/s,10 km,0.04 km,Corgiphidna
88,Elkun,River,104 m³/s,27 km,0.1 km,Elkun
347,Aringhamber,Creek,104 m³/s,18 km,0.05 km,Skalzeshje
419,Hyeliodes,River,104 m³/s,26 km,0.1 km,Hyeliodes
642,Redcham,Fork,104 m³/s,26 km,0.07 km,Knaliston
891,Sikasthicea,River,104 m³/s,12 km,0.04 km,Sikasthicea
1064,Searedonley,Brook,104 m³/s,9 km,0.03 km,Searedonley
1189,Chadon,River,104 m³/s,16 km,0.04 km,Chadon
2028,Sigkandus,Creek,104 m³/s,10 km,0.04 km,Sigkandus
2643,Sodores,Creek,104 m³/s,13 km,0.04 km,Sodores
2655,Naucia,Creek,104 m³/s,9 km,0.04 km,Naucia
137,Thenonesath,River,103 m³/s,30 km,0.1 km,Thenonesath
267,Lampsa,River,103 m³/s,27 km,0.1 km,Lampsa
406,Magripodizi,River,103 m³/s,32 km,0.1 km,Magripodizi
1651,Crafthover,Creek,103 m³/s,11 km,0.04 km,Crafthover
1836,Halonia,River,103 m³/s,11 km,0.04 km,Halonia
3199,Pamon,Creek,103 m³/s,10 km,0.04 km,Pamon
253,Retham,River,102 m³/s,36 km,0.07 km,Tindaltash
899,Naurstad,Creek,102 m³/s,9 km,0.03 km,Naurstad
1185,Clitreford,Creek,102 m³/s,16 km,0.03 km,Clitreford
1291,Monces,River,102 m³/s,20 km,0.05 km,Malethirol
1300,Grances,Brook,102 m³/s,17 km,0.06 km,Grances
1617,Ingny,River,102 m³/s,14 km,0.06 km,Ingny
2204,Aremigre,Creek,102 m³/s,13 km,0.03 km,Aremigre
110,Chawbury,River,101 m³/s,44 km,0.08 km,Cleobume
291,Onerasesi,River,101 m³/s,9 km,0.03 km,Onerasesi
300,Ampsaion,Branch,101 m³/s,16 km,0.02 km,Aktos
338,Winetonzan,Creek,101 m³/s,17 km,0.06 km,Winetonzan
354,Skaveland,Fork,101 m³/s,23 km,0.04 km,Dulnarg
377,Hlyfamelfa,River,101 m³/s,21 km,0.04 km,Methoscu
424,Northester,Creek,101 m³/s,18 km,0.06 km,Northester
819,Danhe,Stream,101 m³/s,12 km,0.03 km,Danhe
863,Tihulsea,River,101 m³/s,26 km,0.07 km,Watford
988,Zugbinar,River,101 m³/s,23 km,0.06 km,Zugbinar
1644,Bhrytion,River,101 m³/s,25 km,0.06 km,Bhrytion
2002,Valdzighe,Brook,101 m³/s,15 km,0.03 km,Valdzighe
2215,Watherleigh,River,101 m³/s,9 km,0.03 km,Watherleigh
2612,Montenoy,River,101 m³/s,22 km,0.1 km,Montenoy
2642,Kinebuch,Creek,101 m³/s,10 km,0.03 km,Kinebuch
526,Kirtonton,Creek,100 m³/s,20 km,0.06 km,Kirtonton
753,Thores,Brook,100 m³/s,12 km,0.03 km,Thores
794,Bulinoulet,Creek,100 m³/s,12 km,0.02 km,Solle
994,Tronanos,Creek,100 m³/s,13 km,0.03 km,Tronanos
1317,Moulereres,Creek,100 m³/s,11 km,0.03 km,Moulereres
1319,Khizdatibi,Creek,100 m³/s,12 km,0.03 km,Khizdatibi
1334,O'anntyrlon,Stream,100 m³/s,11 km,0.03 km,O'anntyrlon
1467,Dulbaragka,Creek,100 m³/s,16 km,0.06 km,Dulbaragka
2032,Canterton,Creek,100 m³/s,12 km,0.03 km,Canterton
2889,Busse,Stream,100 m³/s,13 km,0.03 km,Busse
2904,Nylmsenas,River,100 m³/s,13 km,0.03 km,Nylmsenas
440,Gazarde,Creek,99 m³/s,9 km,0.03 km,Gazarde
463,Lagios,River,99 m³/s,35 km,0.07 km,Cornia
1312,Ryran Aine,Creek,99 m³/s,12 km,0.03 km,Ryran Aine
1971,Amphipathos,River,99 m³/s,29 km,0.1 km,Amphipathos
1991,Bybla,River,99 m³/s,21 km,0.06 km,Bybla
2393,Drumun,Creek,99 m³/s,17 km,0.06 km,Drumun
179,Thymaragios,River,98 m³/s,21 km,0.06 km,Thymaragios
501,Kyria,River,98 m³/s,32 km,0.1 km,Kyria
545,Kelfarion,Creek,98 m³/s,17 km,0.03 km,Kelfarion
612,Marlingmo,River,98 m³/s,29 km,0.1 km,Marlingmo
2205,Rebrechebre,Creek,98 m³/s,14 km,0.06 km,Rebrechebre
2370,Redclif,Creek,98 m³/s,10 km,0.03 km,Redclif
2390,Theolispian,Creek,98 m³/s,13 km,0.03 km,Theolispian
2615,Totonceven,Creek,98 m³/s,10 km,0.03 km,Totonceven
2919,Taurapa,Creek,98 m³/s,14 km,0.03 km,Taurapa
180,Kanlenas,River,97 m³/s,21 km,0.06 km,Kanlenas
265,Berdendon,Brook,97 m³/s,11 km,0.03 km,Berdendon
342,Ormster,Branch,97 m³/s,12 km,0.02 km,Skipseagel
720,Moucy,Branch,97 m³/s,12 km,0.02 km,Vigrantigran
877,Macking,Brook,97 m³/s,20 km,0.06 km,Macking
1001,Tulukkzund,Brook,97 m³/s,11 km,0.03 km,Tulukkzund
1183,Sheloreri,Creek,97 m³/s,13 km,0.03 km,Sheloreri
1194,Umalashalon,Creek,97 m³/s,15 km,0.06 km,Umalashalon
1466,Antime,River,97 m³/s,15 km,0.06 km,Antime
1493,Troytos,Brook,97 m³/s,9 km,0.03 km,Troytos
2888,Ithenamea,Brook,97 m³/s,10 km,0.02 km,Phamon
166,Fillarithle,River,96 m³/s,24 km,0.09 km,Fillarithle
1302,Noskirk,Branch,96 m³/s,14 km,0.02 km,Cliford
1410,Bythemea,Creek,96 m³/s,14 km,0.04 km,Bythemea
1987,Brigueaux,River,96 m³/s,20 km,0.06 km,Brigueaux
2176,Villon,Stream,96 m³/s,16 km,0.02 km,Givreres
2193,Mornzad,Creek,96 m³/s,12 km,0.03 km,Mornzad
816,Methera,Creek,95 m³/s,17 km,0.03 km,Methera
1499,Thetford,Brook,95 m³/s,14 km,0.03 km,Thetford
1647,Enilfarien,Creek,95 m³/s,11 km,0.03 km,Enilfarien
1997,Southam,River,95 m³/s,8 km,0.03 km,Southam
2387,Rhysakousis,Creek,95 m³/s,13 km,0.03 km,Rhysakousis
2394,Henzanrith,Stream,95 m³/s,14 km,0.03 km,Henzanrith
2621,Damun,Creek,95 m³/s,16 km,0.06 km,Damun
2909,Bopona,Creek,95 m³/s,12 km,0.03 km,Bopona
2910,Ozorea,Creek,95 m³/s,11 km,0.03 km,Ozorea
357,Sordur,River,94 m³/s,27 km,0.09 km,Sordur
625,Clitford,River,94 m³/s,21 km,0.04 km,Marlceston
2646,Bramping,River,94 m³/s,11 km,0.03 km,Bramping
3189,Kirymouth,Creek,94 m³/s,9 km,0.03 km,Kirymouth
542,Torkburgh,Creek,93 m³/s,11 km,0.03 km,Torkburgh
962,Braubealera,River,93 m³/s,23 km,0.04 km,Methoscu
993,Anargatho,Stream,93 m³/s,18 km,0.06 km,Anargatho
1262,Hieliodolis,River,93 m³/s,26 km,0.07 km,Methoscu
2202,Stansin,Creek,93 m³/s,11 km,0.03 km,Stansin
2627,Smyrgos,Stream,93 m³/s,10 km,0.03 km,Smyrgos
80,Henbeck,Stream,92 m³/s,18 km,0.04 km,Cliford
139,Mytheashal,River,92 m³/s,14 km,0.03 km,Mytheashal
355,Hublospon,Creek,92 m³/s,19 km,0.02 km,Lefka
532,Diruge,Creek,92 m³/s,18 km,0.02 km,Sulkun
712,Kepoiris,Creek,92 m³/s,19 km,0.06 km,Kepoiris
779,Tlind Sene,Creek,92 m³/s,12 km,0.02 km,Liriathil
798,Crolis,River,92 m³/s,22 km,0.06 km,Crolis
898,Bodiliphi,River,92 m³/s,10 km,0.03 km,Bodiliphi
982,Ulhorion,River,92 m³/s,19 km,0.06 km,Ulhorion
2920,Endillete,Creek,92 m³/s,11 km,0.03 km,Endillete
3187,Myrta,Creek,92 m³/s,15 km,0.03 km,Myrta
290,Cyueghedhe,Creek,91 m³/s,9 km,0.03 km,Cyueghedhe
458,Kalonle,Brook,91 m³/s,15 km,0.04 km,Neireth
493,Temnos,River,91 m³/s,28 km,0.07 km,Acharcyreia
665,Gola,Brook,91 m³/s,16 km,0.06 km,Gola
2405,Aegainaion,Brook,91 m³/s,17 km,0.03 km,Aegainaion
2918,Doniapakynt,Brook,91 m³/s,9 km,0.03 km,Doniapakynt
412,Morgossos,River,90 m³/s,35 km,0.09 km,Morgossos
427,Baleyara,Creek,90 m³/s,16 km,0.06 km,Baleyara
854,Cormelos,River,90 m³/s,32 km,0.07 km,Cornia
855,Thuron,Fork,90 m³/s,27 km,0.07 km,Cornia
869,Mitleringra,Creek,90 m³/s,11 km,0.02 km,Cliford
1423,Bauve,Stream,90 m³/s,18 km,0.02 km,Oinay
1441,Kalcis,Creek,90 m³/s,16 km,0.02 km,Tauronia
2408,Sigbeorndi,Brook,90 m³/s,11 km,0.03 km,Sigbeorndi
2426,Pitreamos,Creek,90 m³/s,11 km,0.03 km,Pitreamos
2917,Partyn,Creek,90 m³/s,9 km,0.03 km,Partyn
158,Yethlondra,River,89 m³/s,23 km,0.04 km,Shelulal
666,Oaksey,River,89 m³/s,24 km,0.09 km,Oaksey
782,Fjerka,River,89 m³/s,36 km,0.07 km,Whithegover
1195,Achartyn,Creek,89 m³/s,11 km,0.03 km,Achartyn
1280,Sshandeeluma,Brook,89 m³/s,13 km,0.03 km,Sshandeeluma
1490,Combeham,Creek,89 m³/s,16 km,0.06 km,Combeham
1501,Mabuhalkun,Brook,89 m³/s,8 km,0.03 km,Mabuhalkun
1508,Sholagu,River,89 m³/s,9 km,0.03 km,Sholagu
1640,Hildhor,River,89 m³/s,20 km,0.06 km,Hildhor
1665,Nazinb,Creek,89 m³/s,15 km,0.03 km,Nazinb
1990,Idorysthos,Creek,89 m³/s,18 km,0.06 km,Idorysthos
2226,Ormston,Creek,89 m³/s,10 km,0.03 km,Ormston
2648,Sicea,River,89 m³/s,10 km,0.03 km,Sicea
194,Bingracury,River,88 m³/s,47 km,0.1 km,Bingracury
387,Skipton,Branch,88 m³/s,16 km,0.04 km,Nympsos
465,Gamunz,River,88 m³/s,22 km,0.06 km,Gamunz
866,Hamei,River,88 m³/s,31 km,0.09 km,Hamei
1155,Briare,Branch,88 m³/s,12 km,0.02 km,Giverin
2622,Ercelles,Creek,88 m³/s,11 km,0.03 km,Ercelles
2911,Zakrores,River,88 m³/s,12 km,0.03 km,Zakrores
153,Kilkeg,Fork,87 m³/s,30 km,0.07 km,Vyltoch
198,Pickerwick,Fork,87 m³/s,32 km,0.07 km,Cockington
206,Flokham,River,87 m³/s,26 km,0.09 km,Flokham
278,Arabamunz,Creek,87 m³/s,17 km,0.03 km,Arabamunz
280,Vinzan,Brook,87 m³/s,9 km,0.03 km,Vinzan
422,Cleoroughes,River,87 m³/s,28 km,0.09 km,Cleoroughes
541,Gornekion,Brook,87 m³/s,20 km,0.06 km,Gornekion
1477,Hitches,River,87 m³/s,18 km,0.02 km,Knaliston
2371,Kyriamea,Creek,87 m³/s,15 km,0.03 km,Kyriamea
2409,Calcesbuse,Brook,87 m³/s,12 km,0.03 km,Calcesbuse
28,Fihulbole,Creek,86 m³/s,17 km,0.04 km,Donia
138,Toton,River,86 m³/s,22 km,0.06 km,Toton
490,Alingford,River,86 m³/s,14 km,0.02 km,Bolworth
539,Khathiz,Stream,86 m³/s,15 km,0.03 km,Khathiz
700,Kodoyrar,River,86 m³/s,25 km,0.04 km,Estovika
802,Histros,Creek,86 m³/s,17 km,0.06 km,Histros
809,Chase,Creek,86 m³/s,13 km,0.03 km,Chase
895,Archia,River,86 m³/s,9 km,0.03 km,Archia
1480,Nymphi,Creek,86 m³/s,9 km,0.03 km,Nymphi
2018,Onchepidea,Creek,86 m³/s,15 km,0.03 km,Onchepidea
2429,Lepoitonti,Creek,86 m³/s,10 km,0.03 km,Lepoitonti
2614,Methenia,Stream,86 m³/s,11 km,0.03 km,Methenia
2912,Throri,River,86 m³/s,10 km,0.03 km,Throri
182,Nerius,Creek,85 m³/s,15 km,0.03 km,Nerius
1074,Magra,Creek,85 m³/s,12 km,0.03 km,Magra
1198,Knutsbury,Creek,85 m³/s,12 km,0.03 km,Knutsbury
1495,Chain,Brook,85 m³/s,7 km,0.03 km,Chain
1649,Filvemelha,Creek,85 m³/s,17 km,0.03 km,Filvemelha
1818,Lydony,Branch,85 m³/s,15 km,0.02 km,Cliford
2221,Borion,River,85 m³/s,14 km,0.03 km,Borion
2385,Mevouy,Creek,85 m³/s,12 km,0.03 km,Mevouy
2641,Stymphos,Creek,85 m³/s,10 km,0.03 km,Stymphos
2645,Betford,River,85 m³/s,11 km,0.03 km,Betford
2892,Aktos,Creek,85 m³/s,15 km,0.05 km,Aktos
174,Winkleighel,Branch,84 m³/s,13 km,0.02 km,Skalzeshje
438,Kamerius,River,84 m³/s,13 km,0.03 km,Kamerius
663,Soverke,Creek,84 m³/s,16 km,0.03 km,Soverke
777,Ormnas,Fork,84 m³/s,27 km,0.04 km,Ponia
1202,Briaremignel,Creek,84 m³/s,10 km,0.03 km,Briaremignel
1336,Imyrang,Creek,84 m³/s,10 km,0.03 km,Imyrang
1956,Draunaneas,Fork,84 m³/s,22 km,0.04 km,Ponia
2625,Poniamis,Creek,84 m³/s,11 km,0.03 km,Poniamis
2897,Boucy,River,84 m³/s,14 km,0.03 km,Boucy
3163,Picomistos,Creek,84 m³/s,13 km,0.03 km,Picomistos
3174,Gientainais,River,84 m³/s,10 km,0.03 km,Gientainais
3200,Papopolis,Brook,84 m³/s,8 km,0.03 km,Papopolis
30,Umanynneas,Branch,83 m³/s,17 km,0.04 km,Yseriar
279,Brilkanta,River,83 m³/s,11 km,0.03 km,Brilkanta
793,Tlaumenil,River,83 m³/s,24 km,0.09 km,Tlaumenil
984,Erythra,River,83 m³/s,23 km,0.05 km,Erythra
985,Aphymaris,Creek,83 m³/s,15 km,0.04 km,Thena
1318,Miltonrith,River,83 m³/s,12 km,0.03 km,Miltonrith
1834,Boisdes,Creek,83 m³/s,12 km,0.03 km,Boisdes
184,Nunarluch,River,82 m³/s,12 km,0.03 km,Nunarluch
473,Horstowbo,River,82 m³/s,23 km,0.04 km,Tindaltash
850,Hlurthyr,River,82 m³/s,25 km,0.04 km,Sellalon
897,Beisfsosmy,Creek,82 m³/s,10 km,0.03 km,Beisfsosmy
1605,Dranlean,Branch,82 m³/s,12 km,0.02 km,Ylathlasle
2013,Galgbert,River,82 m³/s,13 km,0.03 km,Galgbert
2185,Pepine,Brook,82 m³/s,19 km,0.05 km,Pepine
2220,Tithenia,River,82 m³/s,9 km,0.03 km,Tithenia
2397,Bavegoney,River,82 m³/s,8 km,0.03 km,Bavegoney
2635,Parendonneau,Creek,82 m³/s,11 km,0.03 km,Parendonneau
2644,Surion,Brook,82 m³/s,8 km,0.03 km,Surion
2913,Senemiros,River,82 m³/s,10 km,0.03 km,Senemiros
534,Drakutovi,River,81 m³/s,18 km,0.05 km,Drakutovi
633,Signy,Branch,81 m³/s,15 km,0.02 km,Vienteaucourt
657,Abros,Branch,81 m³/s,17 km,0.06 km,Thena
1163,Barag,Brook,81 m³/s,11 km,0.02 km,Khathizruc
1190,Trolis,Brook,81 m³/s,13 km,0.03 km,Trolis
1494,Amphilea,Creek,81 m³/s,15 km,0.03 km,Amphilea
1981,Bothersdon,River,81 m³/s,17 km,0.02 km,Whithegover
2012,Erbeille,Creek,81 m³/s,10 km,0.03 km,Erbeille
2191,Sherstover,Creek,81 m³/s,11 km,0.03 km,Sherstover
2415,Belles,Creek,81 m³/s,9 km,0.03 km,Belles
2654,Lamphasera,Creek,81 m³/s,8 km,0.03 km,Lamphasera
3169,Clithomer,Creek,81 m³/s,8 km,0.03 km,Clithomer
3195,Serme,Creek,81 m³/s,10 km,0.03 km,Serme
126,Glumfake,River,80 m³/s,26 km,0.05 km,Glumfake
285,Lynead,Branch,80 m³/s,17 km,0.02 km,Undhelierion
672,Ozulukkzar,Creek,80 m³/s,11 km,0.03 km,Ozulukkzar
728,Nathyrlon,River,80 m³/s,31 km,0.09 km,Nathyrlon
749,Lylsyaseseri,Brook,80 m³/s,11 km,0.03 km,Lylsyaseseri
806,Venolaland,Creek,80 m³/s,11 km,0.02 km,Himkalondor
874,Kimnaros,Brook,80 m³/s,19 km,0.05 km,Kimnaros
1006,Askhalenos,Creek,80 m³/s,10 km,0.03 km,Askhalenos
1079,Ithos,Brook,80 m³/s,9 km,0.03 km,Ithos
1200,Imnesha,Brook,80 m³/s,14 km,0.03 km,Imnesha
1331,Licea,Creek,80 m³/s,14 km,0.03 km,Licea
1439,Charre,River,80 m³/s,23 km,0.04 km,Trivet
2900,Kossos,Creek,80 m³/s,11 km,0.03 km,Kossos
2901,Yiragald,Brook,80 m³/s,16 km,0.03 km,Yiragald
2915,Kharamvat,River,80 m³/s,10 km,0.03 km,Kharamvat
154,Neariondest,Creek,79 m³/s,13 km,0.02 km,Eldhel
751,Indornoni,River,79 m³/s,10 km,0.03 km,Indornoni
992,Hvamsey,Brook,79 m³/s,19 km,0.05 km,Hvamsey
1275,Tempolis,Branch,79 m³/s,15 km,0.02 km,Thena
1293,Skipton,Branch,79 m³/s,14 km,0.02 km,Hielenara
1472,Khizdaga,Creek,79 m³/s,16 km,0.05 km,Khizdaga
1824,Migny,Creek,79 m³/s,13 km,0.03 km,Migny
2211,Kalbia,River,79 m³/s,11 km,0.03 km,Kalbia
2403,Treilly,River,79 m³/s,15 km,0.03 km,Treilly
2419,Aktos,Creek,79 m³/s,10 km,0.03 km,Aktos
536,Randukk,River,78 m³/s,16 km,0.03 km,Randukk
543,Strauda,River,78 m³/s,17 km,0.05 km,Strauda
805,Vigke,Creek,78 m³/s,18 km,0.04 km,Vyltoch
990,Sudirtendo,Creek,78 m³/s,11 km,0.03 km,Sudirtendo
1078,Salton,River,78 m³/s,14 km,0.03 km,Salton
1135,Ullarihei,Creek,78 m³/s,14 km,0.02 km,Himkalondor
1171,Koshundzah,Creek,78 m³/s,18 km,0.05 km,Koshundzah
1503,Hepizira,Stream,78 m³/s,10 km,0.03 km,Hepizira
1669,Ricoporos,Creek,78 m³/s,7 km,0.03 km,Ricoporos
1842,Keniaristos,River,78 m³/s,12 km,0.03 km,Keniaristos
3166,Maroy,Brook,78 m³/s,14 km,0.03 km,Maroy
226,Resheloriath,River,77 m³/s,14 km,0.03 km,Resheloriath
379,Sshanlonnead,Creek,77 m³/s,14 km,0.03 km,Sshanlonnead
602,Drannor,Creek,77 m³/s,11 km,0.03 km,Drannor
604,Umynatha,River,77 m³/s,13 km,0.03 km,Umynatha
669,Tesmos,River,77 m³/s,12 km,0.03 km,Tesmos
774,Kodopos,Branch,77 m³/s,16 km,0.02 km,Myostias
879,Lindenesi,Branch,77 m³/s,15 km,0.02 km,Hlymana
889,Neraric,River,77 m³/s,14 km,0.03 km,Neraric
1076,Nanerale,River,77 m³/s,12 km,0.03 km,Nanerale
1188,Polymnos,River,77 m³/s,13 km,0.03 km,Polymnos
1816,Bothugkan,River,77 m³/s,13 km,0.02 km,Vyltoch
1827,Gorbizda,Creek,77 m³/s,12 km,0.03 km,Gorbizda
2173,Wargley,Creek,77 m³/s,12 km,0.02 km,Cliford
2428,Esconville,Stream,77 m³/s,9 km,0.03 km,Esconville
2431,Hieleos,Creek,77 m³/s,10 km,0.03 km,Hieleos
2618,Kilkley,River,77 m³/s,15 km,0.03 km,Kilkley
491,Showentagel,Stream,76 m³/s,12 km,0.02 km,Clitneston
989,Pantion,Creek,76 m³/s,14 km,0.03 km,Pantion
1197,Sinesiree,River,76 m³/s,12 km,0.03 km,Sinesiree
1292,Beaux,Creek,76 m³/s,13 km,0.02 km,Bribellezie
2388,Amphe,River,76 m³/s,11 km,0.03 km,Amphe
2421,Eleurion,Creek,76 m³/s,11 km,0.03 km,Eleurion
324,Ricyon,Branch,75 m³/s,12 km,0.02 km,Thena
360,Vovund,Stream,75 m³/s,11 km,0.03 km,Vovund
603,Kalkug,Creek,75 m³/s,13 km,0.03 km,Kalkug
900,Gluth,Creek,75 m³/s,9 km,0.03 km,Gluth
1003,Enthond-Sho,Creek,75 m³/s,11 km,0.03 km,Enthond-Sho
3190,Thymatos,Brook,75 m³/s,9 km,0.03 km,Thymatos
87,Rhyreia,Brook,74 m³/s,20 km,0.05 km,Rhyreia
627,Holbobury,River,74 m³/s,34 km,0.09 km,Holbobury
1643,Phagukesos,Creek,74 m³/s,13 km,0.03 km,Phagukesos
2005,Nulkundush,Creek,74 m³/s,14 km,0.03 km,Nulkundush
94,Aethan,Creek,73 m³/s,17 km,0.05 km,Aethan
225,Llaugheine,Fork,73 m³/s,31 km,0.06 km,Neireth
246,Soutfieldle,Branch,73 m³/s,20 km,0.02 km,Treliswest
358,Rurkinnerg,Creek,73 m³/s,12 km,0.02 km,Rurkinnerg
430,Liscukema,River,73 m³/s,16 km,0.02 km,Liscukema
1849,Rangord,River,73 m³/s,12 km,0.02 km,Rangord
2000,Durakzig,Creek,73 m³/s,12 km,0.02 km,Durakzig
2218,Brasfield,River,73 m³/s,10 km,0.02 km,Brasfield
2222,Pagas,Brook,73 m³/s,10 km,0.02 km,Pagas
2389,Pseizepia,Creek,73 m³/s,12 km,0.02 km,Pseizepia
2634,Histholis,River,73 m³/s,12 km,0.02 km,Histholis
2914,Diospon,Creek,73 m³/s,7 km,0.02 km,Diospon
3178,Persmomeille,Creek,73 m³/s,10 km,0.02 km,Persmomeille
171,Llaugheireth,Fork,72 m³/s,26 km,0.06 km,Onaranthan
340,Diniaion,River,72 m³/s,33 km,0.06 km,Thena
443,Mistad,Brook,72 m³/s,11 km,0.02 km,Mistad
671,Ampha,Creek,72 m³/s,10 km,0.02 km,Thena
880,Tarporlis,Creek,72 m³/s,14 km,0.02 km,Tarporlis
1469,Pitriaris,Creek,72 m³/s,9 km,0.02 km,Pitriaris
1672,Goshundrol,Creek,72 m³/s,9 km,0.02 km,Goshundrol
2194,Sanos,Creek,72 m³/s,12 km,0.02 km,Sanos
2404,Turulukk,Creek,72 m³/s,16 km,0.05 km,Turulukk
93,Cyhonenat,River,71 m³/s,22 km,0.05 km,Cyhonenat
176,Lissos,Creek,71 m³/s,13 km,0.02 km,Detara
660,Orea,Creek,71 m³/s,15 km,0.02 km,Orea
745,Watchescom,River,71 m³/s,13 km,0.02 km,Watchescom
1004,Saranar,River,71 m³/s,9 km,0.02 km,Saranar
1066,Bothar,River,71 m³/s,19 km,0.05 km,Bothar
1632,Searerid,River,71 m³/s,21 km,0.05 km,Searerid
2021,Gatbury,Creek,71 m³/s,9 km,0.02 km,Gatbury
2427,Fadarmel,Creek,71 m³/s,11 km,0.02 km,Fadarmel
2608,Sadzah,Brook,71 m³/s,12 km,0.02 km,Mizir
2653,Koluch,Creek,71 m³/s,8 km,0.02 km,Koluch
5,Cytheleu,Brook,70 m³/s,13 km,0.02 km,Lefka
62,Dodbrid,River,70 m³/s,10 km,0.02 km,Dodbrid
294,Solesham,Fork,70 m³/s,52 km,0.07 km,Skalzeshje
549,Batizargat,River,70 m³/s,12 km,0.02 km,Batizargat
645,Zagios,Branch,70 m³/s,14 km,0.02 km,Myostias
747,Gabaram,Creek,70 m³/s,14 km,0.02 km,Gabaram
820,Bhrylalamia,Creek,70 m³/s,8 km,0.02 km,Bhrylalamia
970,Senarine,River,70 m³/s,17 km,0.02 km,Inderion
1043,Liriathan,Creek,70 m³/s,12 km,0.02 km,Nyrang
1067,Memron,Creek,70 m³/s,10 km,0.02 km,Memron
1498,Syrerythre,Creek,70 m³/s,10 km,0.02 km,Syrerythre
1663,Aktasmenaga,Stream,70 m³/s,15 km,0.02 km,Aktasmenaga
1833,Tarecieroy,River,70 m³/s,11 km,0.02 km,Tarecieroy
2619,Yozaguzar,Stream,70 m³/s,12 km,0.02 km,Yozaguzar
2632,Nornan,Creek,70 m³/s,13 km,0.02 km,Nornan
313,Moutony,River,69 m³/s,22 km,0.03 km,Skalzeshje
547,Portston,Creek,69 m³/s,13 km,0.02 km,Portston
616,Alseamerby,Creek,69 m³/s,9 km,0.02 km,Alseamerby
725,Ormstover,River,69 m³/s,19 km,0.03 km,Skipseagel
739,Phais,Creek,69 m³/s,12 km,0.02 km,Phais
804,Towleigh,River,69 m³/s,16 km,0.02 km,Towleigh
981,Midfordge,Creek,69 m³/s,21 km,0.05 km,Midfordge
2190,Villy,River,69 m³/s,21 km,0.05 km,Villy
3176,Thysos,Creek,69 m³/s,10 km,0.02 km,Thysos
535,Bridbury,Brook,68 m³/s,21 km,0.05 km,Bridbury
734,Murion,Brook,68 m³/s,14 km,0.02 km,Nealegairos
996,Megils,Creek,68 m³/s,11 km,0.02 km,Megils
1069,Cyreumpia,Creek,68 m³/s,14 km,0.02 km,Cyreumpia
1454,Chailles,Stream,68 m³/s,17 km,0.02 km,Givre
1511,Gyreumnaca,River,68 m³/s,10 km,0.02 km,Gyreumnaca
1611,Eshthei,Branch,68 m³/s,14 km,0.02 km,Ylathlasle
1618,Tlauven,Stream,68 m³/s,12 km,0.02 km,Tlauven
1623,Heles,Branch,68 m³/s,15 km,0.02 km,Phamon
1660,Kalkun,Stream,68 m³/s,11 km,0.02 km,Kalkun
2201,Ioles,River,68 m³/s,9 km,0.02 km,Ioles
2377,Temnos,Brook,68 m³/s,12 km,0.02 km,Phamon
2433,Graj'jash,River,68 m³/s,13 km,0.02 km,Graj'jash
2652,Stigzund,River,68 m³/s,9 km,0.02 km,Stigzund
2907,Pauve,Creek,68 m³/s,14 km,0.02 km,Pauve
3194,Debuch,Creek,68 m³/s,9 km,0.02 km,Debuch
401,Acharcyzan,Creek,67 m³/s,15 km,0.02 km,Smyrgypepi
724,Cambrigh,Creek,67 m³/s,19 km,0.02 km,Gortepinoi
731,Apleham,Creek,67 m³/s,14 km,0.02 km,Hinckwarne
735,Dagddamrol,Branch,67 m³/s,12 km,0.02 km,Batalnarg
1000,Hertbury,Brook,67 m³/s,13 km,0.02 km,Hertbury
1309,Fercemigny,Creek,67 m³/s,10 km,0.02 km,Fercemigny
1606,Mermingley,Creek,67 m³/s,12 km,0.02 km,Malington
1806,Roricossos,Branch,67 m³/s,14 km,0.02 km,Phamon
1832,Knutstabrid,Creek,67 m³/s,19 km,0.03 km,Knaliston
2020,Goshel,Creek,67 m³/s,8 km,0.02 km,Goshel
2903,Bybros,Creek,67 m³/s,10 km,0.02 km,Bybros
623,Taveton,Creek,66 m³/s,14 km,0.02 km,Baltash
664,Ysetenasmel,Creek,66 m³/s,12 km,0.02 km,Ysetenasmel
991,Bolter,Creek,66 m³/s,12 km,0.02 km,Bolter
1062,Dodbrid,River,66 m³/s,13 km,0.02 km,Dodbrid
1310,Egremanvilleu,Creek,66 m³/s,12 km,0.02 km,Egremanvilleu
1664,Kencester,Creek,66 m³/s,7 km,0.02 km,Kencester
1671,Rolis,Creek,66 m³/s,9 km,0.02 km,Rolis
1843,Mornny,River,66 m³/s,9 km,0.02 km,Mornny
1848,Jornta,River,66 m³/s,10 km,0.02 km,Jornta
2214,Syropos,Creek,66 m³/s,11 km,0.02 km,Syropos
2225,Freres,Creek,66 m³/s,9 km,0.02 km,Freres
2430,Martepios,Creek,66 m³/s,9 km,0.02 km,Martepios
2650,Dopodes,Creek,66 m³/s,10 km,0.02 km,Dopodes
3173,Kinnergkan,River,66 m³/s,7 km,0.02 km,Kinnergkan
109,Iriandor,River,65 m³/s,39 km,0.06 km,Pinolistos
247,Kmlondor,Creek,65 m³/s,19 km,0.02 km,Himnas
263,Haverid,Creek,65 m³/s,14 km,0.02 km,Monorling
599,Bahourgzah,River,65 m³/s,13 km,0.02 km,Bahourgzah
792,Lektas,River,65 m³/s,21 km,0.08 km,Lektas
852,Dymocksey,Fork,65 m³/s,30 km,0.06 km,Tarden
1474,Hartrek,River,65 m³/s,18 km,0.05 km,Hartrek
1661,Gudhelm,Brook,65 m³/s,8 km,0.02 km,Gudhelm
2009,Marnoy,Creek,65 m³/s,15 km,0.02 km,Marnoy
2208,Elmethalean,Creek,65 m³/s,12 km,0.02 km,Elmethalean
2383,Peliolis,Brook,65 m³/s,13 km,0.02 km,Peliolis
119,Altashwel,Creek,64 m³/s,16 km,0.02 km,Portshead
284,Ryafetharant,Creek,64 m³/s,19 km,0.03 km,Himkalondor
323,Helamia,Creek,64 m³/s,12 km,0.02 km,Thena
613,Neleymetown,Brook,64 m³/s,10 km,0.02 km,Treliswest
1327,Clifton,River,64 m³/s,11 km,0.02 km,Clifton
1333,Pan'kaj'ka,Creek,64 m³/s,9 km,0.02 km,Pan'kaj'ka
1822,Velwotaram,Brook,64 m³/s,13 km,0.02 km,Velwotaram
2219,Stigbigigi,Brook,64 m³/s,10 km,0.02 km,Stigbigigi
2647,Monte,River,64 m³/s,12 km,0.02 km,Monte
3191,Blechetford,Brook,64 m³/s,11 km,0.02 km,Blechetford
15,Hertford,Creek,63 m³/s,6 km,0.02 km,Hertford
192,Oakwar,Branch,63 m³/s,13 km,0.02 km,Tindaltash
276,Voland,Creek,63 m³/s,17 km,0.02 km,Voland
441,Vofosen,Creek,63 m³/s,11 km,0.02 km,Vofosen
454,Toreos,Creek,63 m³/s,13 km,0.02 km,Toreos
730,Khanargun,Brook,63 m³/s,21 km,0.05 km,Khanargun
738,Ervikvikki,Creek,63 m³/s,16 km,0.02 km,Ervikvikki
748,Aphelorina,Creek,63 m³/s,13 km,0.02 km,Aphelorina
872,Dolymece,River,63 m³/s,15 km,0.02 km,Tyrolis
948,Alondesthin,River,63 m³/s,24 km,0.05 km,Alondesthin
1169,Opolynthyma,River,63 m³/s,23 km,0.05 km,Opolynthyma
1835,Nozaric,Creek,63 m³/s,15 km,0.02 km,Vyltoch
3192,Skiptonrith,River,63 m³/s,10 km,0.02 km,Skiptonrith
24,Theonion,Branch,62 m³/s,16 km,0.02 km,Phais
56,Pinenenegai,Brook,62 m³/s,15 km,0.02 km,Aegicos
129,Bhryzan,Creek,62 m³/s,16 km,0.02 km,Bhryzan
149,Halseaford,River,62 m³/s,15 km,0.02 km,Watford
212,Thvethillase,River,62 m³/s,47 km,0.06 km,Dretheireth
999,Nornandus,Creek,62 m³/s,11 km,0.02 km,Nornandus
1456,Maford,Creek,62 m³/s,19 km,0.02 km,Cleowen
2224,Eleos,Creek,62 m³/s,10 km,0.02 km,Eleos
2411,Druzan,Creek,62 m³/s,13 km,0.02 km,Druzan
2424,Sepios,Creek,62 m³/s,13 km,0.02 km,Sepios
3162,Courcelles,Branch,62 m³/s,11 km,0.02 km,Villes
655,Thilran,Creek,61 m³/s,10 km,0.02 km,Ylathlasle
1151,Macking,River,61 m³/s,16 km,0.02 km,Braston
1330,Bermouth,Stream,61 m³/s,13 km,0.02 km,Bermouth
1635,Athrolymnos,Branch,61 m³/s,14 km,0.02 km,Phamon
1825,Paris,Creek,61 m³/s,14 km,0.02 km,Paris
1847,Mamilles,Brook,61 m³/s,11 km,0.02 km,Mamilles
3170,Harthizruc,Brook,61 m³/s,12 km,0.02 km,Harthizruc
3193,Suvilles,Creek,61 m³/s,11 km,0.02 km,Suvilles
3197,Bostore,Creek,61 m³/s,10 km,0.02 km,Bostore
113,Netonor,River,60 m³/s,25 km,0.03 km,Acharcyreia
239,Aktas,Brook,60 m³/s,14 km,0.02 km,Aktas
277,Ilt'ker,River,60 m³/s,16 km,0.02 km,Ilt'ker
741,Ponakynthe,Creek,60 m³/s,11 km,0.02 km,Ponakynthe
1201,Phais,River,60 m³/s,13 km,0.02 km,Phais
1286,Asethe,Creek,60 m³/s,12 km,0.01 km,Nyrang
1437,Feldonzan,Creek,60 m³/s,11 km,0.02 km,Feldonzan
2017,Tuledgrim,Brook,60 m³/s,8 km,0.02 km,Tuledgrim
2649,Pydnagios,River,60 m³/s,9 km,0.02 km,Pydnagios
213,Kyseralye'a,Fork,59 m³/s,23 km,0.03 km,Onaranthan
341,Zakramon,Creek,59 m³/s,13 km,0.01 km,Acharcyreia
373,Straiondory,River,59 m³/s,25 km,0.05 km,Cornia
395,Thilharien,Creek,59 m³/s,16 km,0.01 km,Himkalondor
1005,Nytheassad,Creek,59 m³/s,10 km,0.02 km,Nytheassad
1324,Vienteauville,Brook,59 m³/s,10 km,0.02 km,Vienteauville
1974,Atfordbuton,Branch,59 m³/s,13 km,0.01 km,Whithegover
2008,Khatreola,Stream,59 m³/s,12 km,0.02 km,Khatreola
321,Clifton,Branch,58 m³/s,10 km,0.01 km,Porystroti
325,Gasalton,Creek,58 m³/s,12 km,0.01 km,Monorling
421,Acurydon,Creek,58 m³/s,20 km,0.03 km,Marlceston
426,Morkager,River,58 m³/s,22 km,0.04 km,Morkager
460,Thilfa,River,58 m³/s,36 km,0.05 km,Neireth
474,Menilces,Fork,58 m³/s,27 km,0.05 km,Acharcyreia
620,Mathan,River,58 m³/s,23 km,0.03 km,Himkalondor
661,Hvegils,Creek,58 m³/s,15 km,0.02 km,Hvegils
797,Newboredine,River,58 m³/s,10 km,0.01 km,Clitneston
997,Phais,Creek,58 m³/s,15 km,0.02 km,Phais
1138,Boriton,River,58 m³/s,17 km,0.03 km,Cytha
1768,Opnafnirko,Stream,58 m³/s,17 km,0.03 km,Opnafnirko
2373,Viente,Creek,58 m³/s,11 km,0.02 km,Viente
2921,Matay,River,58 m³/s,9 km,0.02 km,Matay
37,Stanwich,Creek,57 m³/s,10 km,0.01 km,Stanwich
112,Stymphidna,Creek,57 m³/s,15 km,0.01 km,Aktos
257,Velsyamel,Brook,57 m³/s,19 km,0.03 km,Onaranthan
327,Borelis,Fork,57 m³/s,23 km,0.05 km,Padshead
400,Hertham,Brook,57 m³/s,16 km,0.01 km,Treliswest
550,Hertfordle,Creek,57 m³/s,13 km,0.02 km,Hertfordle
1179,Bolbowey,River,57 m³/s,13 km,0.02 km,Bolbowey
1313,Wamerton,Creek,57 m³/s,12 km,0.02 km,Wamerton
1624,Clemoy,Brook,57 m³/s,15 km,0.01 km,Givreres
2396,Kouke,Creek,57 m³/s,13 km,0.02 km,Kouke
76,Lympstonces,River,56 m³/s,23 km,0.03 km,Clitneston
754,Nulukkzinb,Creek,56 m³/s,8 km,0.02 km,Nulukkzinb
1166,Hiponiala,Creek,56 m³/s,18 km,0.04 km,Hiponiala
1289,Senvilmiers,Creek,56 m³/s,17 km,0.01 km,Malethirol
1290,Aillorville,Branch,56 m³/s,12 km,0.01 km,Briatay
2624,Certin,Creek,56 m³/s,16 km,0.02 km,Certin
13,Selhahilmet,River,55 m³/s,28 km,0.03 km,Yerase
495,Botfordbu,Branch,55 m³/s,17 km,0.01 km,Padshead
573,Onityshalta,Branch,55 m³/s,18 km,0.01 km,undefined
776,Askramos,River,55 m³/s,35 km,0.05 km,Cytha
780,Khatrek,Stream,55 m³/s,12 km,0.02 km,Khatrek
890,Naucra,Brook,55 m³/s,16 km,0.02 km,Naucra
1473,Nehorough,Creek,55 m³/s,17 km,0.04 km,Nehorough
1840,Horsterton,Brook,55 m³/s,12 km,0.02 km,Horsterton
2395,Botham,River,55 m³/s,10 km,0.02 km,Botham
108,Sylveleth,Branch,54 m³/s,16 km,0.01 km,Kyuetheasmel
136,Tlaune,Brook,54 m³/s,20 km,0.03 km,Mythlenille
894,Scidriapol,Creek,54 m³/s,18 km,0.02 km,Scidriapol
1165,Oakburgh,Creek,54 m³/s,13 km,0.01 km,Knaliston
1667,Knaton,Brook,54 m³/s,14 km,0.02 km,Knaton
1841,Ponia,River,54 m³/s,12 km,0.02 km,Ponia
1973,Cleaugennes,Creek,54 m³/s,20 km,0.02 km,Cleaugennes
2905,Titronion,Creek,54 m³/s,11 km,0.02 km,Titronion
91,Thvetheas,Creek,53 m³/s,13 km,0.01 km,Inderion
436,Tenolumera,Creek,53 m³/s,10 km,0.02 km,Tenolumera
733,Mancheswest,Creek,53 m³/s,19 km,0.04 km,Mancheswest
1631,Bavant,Brook,53 m³/s,11 km,0.01 km,Clegarcilly
1650,Gorna,Brook,53 m³/s,16 km,0.02 km,Gorna
1652,Wendondon,Creek,53 m³/s,9 km,0.02 km,Wendondon
1659,Clitle,Creek,53 m³/s,15 km,0.02 km,Clitle
3165,Montvilly,Creek,53 m³/s,9 km,0.02 km,Montvilly
122,Soutnester,Brook,52 m³/s,14 km,0.01 km,Sherstedge
295,Nesvog,Creek,52 m³/s,16 km,0.03 km,Estovika
464,Ganar,River,52 m³/s,24 km,0.03 km,Duzigeruge
629,Whitfordge,Creek,52 m³/s,18 km,0.01 km,Pickerby
1181,Congleydon,Creek,52 m³/s,13 km,0.02 km,Congleydon
1967,Crenildock,Creek,52 m³/s,15 km,0.01 km,Whithegover
2016,Kopenossane,Creek,52 m³/s,10 km,0.02 km,Kopenossane
2206,Gluthmark,Creek,52 m³/s,13 km,0.02 km,Gluthmark
398,Godmanches,Creek,51 m³/s,9 km,0.01 km,Skalzeshje
1320,Naucranos,Creek,51 m³/s,12 km,0.02 km,Naucranos
1980,Escontargis,Branch,51 m³/s,15 km,0.01 km,Bonvilleneury
3188,Eldhenatheas,Creek,51 m³/s,11 km,0.02 km,Eldhenatheas
951,Iriatheas,Creek,50 m³/s,13 km,0.02 km,Iriatheas
1073,Watbury,Creek,50 m³/s,14 km,0.02 km,Watbury
1328,Mituk,River,50 m³/s,13 km,0.02 km,Mituk
231,Himnaselion,Fork,49 m³/s,33 km,0.05 km,Onaranthan
521,Bridbury,River,49 m³/s,10 km,0.01 km,Penkwarton
649,Saufar,River,49 m³/s,14 km,0.01 km,Rausavo
743,Meethyr,Brook,49 m³/s,13 km,0.02 km,Meethyr
974,Orearassos,River,49 m³/s,13 km,0.01 km,Phamon
1193,Mukelepina,River,49 m³/s,12 km,0.02 km,Mukelepina
1458,Emnos,River,49 m³/s,21 km,0.04 km,Emnos
1992,Jukroicear,Creek,49 m³/s,13 km,0.02 km,Jukroicear
301,Carmington,River,48 m³/s,12 km,0.01 km,Skipseagel
810,Amnes,River,48 m³/s,8 km,0.02 km,Amnes
875,Srannead,Creek,48 m³/s,14 km,0.01 km,Ishlesete
971,Barag,Creek,48 m³/s,16 km,0.01 km,Mizir
1278,Botfieldbu,Branch,48 m³/s,14 km,0.01 km,Skalzeshje
2422,Chegarme,Creek,48 m³/s,12 km,0.02 km,Chegarme
540,Flugar,Creek,47 m³/s,15 km,0.02 km,Flugar
713,Hluilon,River,47 m³/s,17 km,0.01 km,Inderion
978,Keltanas,Branch,47 m³/s,15 km,0.01 km,Hlymana
1147,Myreume,Creek,47 m³/s,12 km,0.01 km,Tyrolis
227,Thesasemar,Creek,46 m³/s,11 km,0.02 km,Thesasemar
232,Bridor,River,46 m³/s,28 km,0.03 km,Onaranthan
402,Entheine,Branch,46 m³/s,20 km,0.01 km,Ponia
707,Vinluma,Stream,46 m³/s,10 km,0.01 km,Himnas
1153,Baric,Creek,46 m³/s,16 km,0.01 km,Mizir
1975,Nehone,Brook,46 m³/s,17 km,0.01 km,Searen
187,Ricearat,Creek,45 m³/s,16 km,0.03 km,Aktos
477,Modford,Branch,45 m³/s,16 km,0.01 km,Rearesham
514,Chiple,Creek,45 m³/s,15 km,0.01 km,Dodbrowey
574,Ynatheas,River,45 m³/s,9 km,0.01 km,Neireth
1172,Qulet,Creek,45 m³/s,11 km,0.01 km,Vrignessieou
1261,Illmarith,Creek,45 m³/s,11 km,0.01 km,Methoscu
2174,Chilbore,River,45 m³/s,13 km,0.02 km,Chilbore
135,Orahilsalean,Fork,44 m³/s,29 km,0.03 km,Onaranthan
275,Docea,Brook,44 m³/s,18 km,0.01 km,Oceamis
391,Mubea,Creek,44 m³/s,15 km,0.01 km,Elekus
345,Lefkalytos,Branch,43 m³/s,9 km,0.01 km,Nealegairos
399,Ilerin,Branch,43 m³/s,16 km,0.01 km,Shenil
1326,Ioles,River,43 m³/s,13 km,0.02 km,Ioles
2382,Stapton,Creek,43 m³/s,13 km,0.02 km,Stapton
2899,Dudhurstes,River,43 m³/s,14 km,0.02 km,Dudhurstes
410,Ponverton,Stream,42 m³/s,16 km,0.01 km,Kilkham
1449,Harmington,Branch,42 m³/s,14 km,0.01 km,Chisdon
23,Zaktos,River,41 m³/s,22 km,0.01 km,Aegicos
396,Brorough,Branch,41 m³/s,18 km,0.01 km,Tindaltash
949,Adrarahet,River,40 m³/s,15 km,0.01 km,Adrarahet
201,Gagald,Branch,39 m³/s,11 km,0.01 km,Braumennes
51,Skipton,Fork,38 m³/s,24 km,0.02 km,Clitneston
186,Penepios,Branch,38 m³/s,19 km,0.02 km,Aktos
191,Cleover,Creek,38 m³/s,13 km,0.01 km,Clitneston
548,Senion,Creek,37 m³/s,9 km,0.01 km,Senion
130,Nypepi,Stream,36 m³/s,11 km,0.01 km,Cytha
619,Eririathil,Creek,36 m³/s,12 km,0.01 km,Ponia
1168,Nauclearis,River,36 m³/s,13 km,0.01 km,Cytha
472,Olidaurion,Creek,34 m³/s,11 km,0.01 km,Aktos
35,Saryntha,Brook,32 m³/s,10 km,0.01 km,Dipathos
